<?xml version="1.0" encoding="UTF-8"?>
<project-private xmlns="http://www.netbeans.org/ns/project-private/1">
    <editor-bookmarks xmlns="http://www.netbeans.org/ns/editor-bookmarks/2" lastBookmarkId="0"/>
    <open-files xmlns="http://www.netbeans.org/ns/projectui-open-files/2">
        <group>
            <file>file:/C:/Users/MesutKutlu/Desktop/Google-Udacity-Nanodegree-Projects/Project%20Memory%20Game/css/app.css</file>
            <file>file:/C:/Users/MesutKutlu/Desktop/Google-Udacity-Nanodegree-Projects/Project%20Memory%20Game/js/app.js</file>
            <file>file:/C:/Users/MesutKutlu/Desktop/Google-Udacity-Nanodegree-Projects/Project%20Memory%20Game/index.html</file>
        </group>
    </open-files>
</project-private>
